Meest uitgevoerde zoekopdrachten,Aantal klikken,Vertoningen,CTR,Positie
huis ter huynen,8,31,25.81%,3.87
weekendje weg drenthe,0,310,0%,53.37
weekend weg drenthe,0,282,0%,46.62
luxe hotel drenthe,0,168,0%,55.07
boutique hotel drenthe,0,161,0%,51.3
wellness huisje drenthe,0,128,0%,55.42
hottub drenthe,0,122,0%,39.57
huisje met hottub drenthe,0,116,0%,41.5
romantisch overnachten drenthe,0,100,0%,46.48
romantisch weekendje weg drenthe,0,95,0%,26.44
weekendje drenthe met privé jacuzzi,0,89,0%,41.4
wellness drenthe,0,88,0%,51.09
vakantiehuis met jacuzzi drenthe,0,84,0%,56.02
huisje met jacuzzi drenthe,0,83,0%,60.53
wellness huis drenthe,0,82,0%,43.15
wellness weekend drenthe,0,82,0%,45.21
sauna met overnachting drenthe,0,82,0%,58.93
vakantiehuisje met jacuzzi drenthe,0,82,0%,59.38
vakantiehuis drenthe met jacuzzi,0,77,0%,59.08
drenthe weekend weg,0,76,0%,45.49
vakantiehuis drenthe jacuzzi,0,76,0%,55.07
huisje met sauna en jacuzzi drenthe,0,76,0%,58.47
fietsen vlonder,0,69,0%,48.46
vakantiehuisje drenthe met jacuzzi,0,64,0%,60.58
particulier vakantiehuis met jacuzzi drenthe,0,55,0%,49.73
hotel veenhuizen,0,54,0%,69.39
weekendje twee personen drenthe,0,51,0%,62.33
ferienhaus assen,0,46,0%,53.11
luxe vakantiehuis drenthe met jacuzzi,0,43,0%,58.4
unieke overnachting drenthe,0,43,0%,61.95
overnachten in veenhuizen,0,40,0%,15.18
hunebedden drenthe,0,34,0%,42.29
bijzonder overnachten drenthe,0,34,0%,64.65
uniek overnachten drenthe,0,32,0%,55.47
origineel overnachten drenthe,0,30,0%,63.63
slapen in een hunebed,0,28,0%,7.93
drents genieten,0,27,0%,43.11
vakantiehuis assen,0,27,0%,43.48
weekendje drenthe,0,27,0%,51.11
"drentsche aa, drentsche aa wandelen, drentsche aa cabiner",0,22,0%,50.86
bijzondere overnachtingen drenthe,0,21,0%,66.9
weekend drenthe,0,20,0%,51.45
bijzonder overnachten in drenthe,0,19,0%,61.37
romantisch huisje met jacuzzi drenthe,0,15,0%,54.33
hotel in drenthe met hond,0,15,0%,62.4
wanneer bloeit de heide in drenthe,0,14,0%,10.93
luxe lodge,0,14,0%,33.14
vakantiehuis drenthe hond,0,14,0%,81.29
prive sauna drenthe,0,13,0%,50.31
huis ter zeijen,0,12,0%,3.67
huisje huren assen,0,12,0%,59.17
vakantiehuisje assen,0,11,0%,41.91
huis ter heide drenthe,0,10,0%,40.6
love nest drenthe,0,10,0%,46.9
huisje in drenthe met hond,0,10,0%,79.6
erfgoedlogies termunten,0,10,0%,88.7
locatie vriendinnenweekend drenthe,0,9,0%,20.67
drenthe sauna,0,9,0%,33.44
hotel drenthe luxe,0,9,0%,46.67
boutique hotel de drentse liefde,0,9,0%,56
fietsen drenthe,0,9,0%,62.78
veenhuizen overnachten,0,8,0%,24.12
wellness suites de heide,0,8,0%,31.75
wellness lodge niederlande,0,7,0%,39.86
vlonder fietsen,0,7,0%,51.43
zuiderstraat 6 zeijen,0,6,0%,34.33
huis ter heide zeijen,0,6,0%,35.17
drenthe hottub,0,6,0%,36.33
privé wellness drenthe,0,6,0%,47
boetiekhotel het huis,0,6,0%,49.17
hotels veenhuizen,0,6,0%,49.33
overnachten norg,0,6,0%,52.17
prive spa drenthe,0,6,0%,53
romantisch hotel drenthe,0,6,0%,54.5
huisje drenthe jacuzzi,0,6,0%,60.67
landgoed de huynen,0,6,0%,61.17
wellness hotel drenthe,0,6,0%,61.5
huisje huren met omheinde tuin drenthe,0,6,0%,71.17
vakantiehuisje in drenthe met hond,0,6,0%,76.33
kleen resorts zeijen,0,5,0%,3.2
pureluxe.nl,0,5,0%,14.2
huynen,0,5,0%,19.6
veentjesroute zeijen,0,5,0%,22.4
heide in drenthe,0,5,0%,33.4
hunebedden in drenthe,0,5,0%,45.8
veenhuizen hotels,0,5,0%,45.8
sauna drenthe,0,5,0%,51.4
vakantiehuisje met hond drenthe,0,5,0%,80
arjan reinders,0,4,0%,19.25
overnachten veenhuizen,0,4,0%,24
fietsen en wandelen regio,0,4,0%,49.5
mooiste hunebedden,0,4,0%,50
vakantiehuis huren assen,0,4,0%,50.25
thermen drenthe,0,4,0%,50.5
natuurhuisje drenthe met hond,0,4,0%,54
huisje met sauna drenthe,0,4,0%,59.25
bruidssuite drenthe,0,4,0%,60
spa hotel drenthe,0,4,0%,62.25
huisje huren in drenthe met hond,0,4,0%,79.5
drentse hottub,0,3,0%,5.67
natuurhuisje zeijen,0,3,0%,12
fietsroute hof van saksen,0,3,0%,31
huisje assen,0,3,0%,40.33
vakantiehuizen assen,0,3,0%,45.67
mooiste hunebed,0,3,0%,46.33
wellness in drenthe,0,3,0%,51
fietsen in drenthe,0,3,0%,52.67
boetiekhotel drenthe,0,3,0%,53.33
dagje wellness drenthe,0,3,0%,53.67
luxe hotels drenthe,0,3,0%,54.33
boutique hotel drentse liefde,0,3,0%,55.67
grootste hunebedden drenthe,0,3,0%,56.67
luxe hotel in drenthe,0,3,0%,58.67
hotel met wellness drenthe,0,3,0%,61.67
vakantie met hond omheinde tuin drenthe,0,3,0%,68.67
wellness hotels in drenthe,0,3,0%,70.33
huis met de vazen,0,2,0%,16
veentjesroute,0,2,0%,18.5
huis ter heide assen,0,2,0%,25.5
heleens wellness,0,2,0%,29
privehuis assen,0,2,0%,32
wandelroute zeijen,0,2,0%,34.5
drenthe heide,0,2,0%,36
stuga norg,0,2,0%,45
hunebedden drente,0,2,0%,47
sauna drenthe met overnachting,0,2,0%,47
huinen,0,2,0%,50.5
drentsche aa,0,2,0%,51
weekendje weg in drenthe,0,2,0%,52
zuiderweg 21 3769 ab soesterberg,0,2,0%,56
de paarse heide,0,2,0%,58
hunnen hunebedden,0,2,0%,58
boutique hotel het huis,0,2,0%,61
luxerij ruinen,0,2,0%,66
jacuzzi drenthe,0,2,0%,68
vakantie met hond drenthe,0,2,0%,80
huisje drenthe met hond,0,2,0%,81
assen,0,1,0%,1
hot tub lodges,0,1,0%,1
huijen,0,1,0%,1
privat wellness in der nähe,0,1,0%,1
wanneer bloeit de heide,0,1,0%,1
zeijen,0,1,0%,1
ferienhaus niederlande,0,1,0%,2
heidebloei,0,1,0%,2
heinen,0,1,0%,2
vrijstaande,0,1,0%,2
privates ferienhaus,0,1,0%,10
heide seizoen,0,1,0%,11
drenthe spa,0,1,0%,12
kanoën drentsche aa,0,1,0%,12
wat is een brinkdorp,0,1,0%,12
sauna drente,0,1,0%,13
0152-01463401,0,1,0%,14
lodge nederland,0,1,0%,15
drenthse hottub,0,1,0%,21
heiden wellness,0,1,0%,22
fietsroutes hof van saksen,0,1,0%,31
wandelen zeijen,0,1,0%,31
vakantiepark huis ter heide,0,1,0%,34
drenthe hunebedden,0,1,0%,36
mooi twente lodges,0,1,0%,36
heleen's wellness & beauty,0,1,0%,37
mooie fietsroutes drenthe,0,1,0%,37
beste sauna in drenthe,0,1,0%,38
kanoen in drenthe,0,1,0%,38
luxe lodges,0,1,0%,41
de huynen,0,1,0%,42
hondsrug fietsroute,0,1,0%,42
private spa niederlande,0,1,0%,43
privé sauna drenthe,0,1,0%,43
mooiste hunebed drenthe,0,1,0%,44
private wellness suite niederlande,0,1,0%,45
vakantiewoning assen,0,1,0%,45
ferienwohnung assen,0,1,0%,49
drentsche aa wandelen,0,1,0%,50
hunebed drenthe,0,1,0%,50
welness drenthe,0,1,0%,50
privehuis drenthe,0,1,0%,51
drenthe weekendje weg,0,1,0%,52
ferienhaus assen niederlande,0,1,0%,52
fietsroute huttenheugte,0,1,0%,52
gut hohne,0,1,0%,52
hunebed in drenthe,0,1,0%,52
norg overnachten,0,1,0%,52
recreatiewoning norg,0,1,0%,52
secret room drenthe,0,1,0%,52
drentsche aa wandelroute,0,1,0%,54
mooiste hunebedden drenthe,0,1,0%,54
spa in drenthe,0,1,0%,54
waar liggen de hunebedden in drenthe,0,1,0%,54
golf lodge assen,0,1,0%,55
verborgen fietspaden regio,0,1,0%,55
hotel drenthe met hond,0,1,0%,56
huisje drenthe met sauna,0,1,0%,56
overnachten in norg,0,1,0%,57
wandelingen drentse aa,0,1,0%,57
drentse aa wandelen,0,1,0%,58
hunnebedden drenthe,0,1,0%,58
wandelen drentsche aa,0,1,0%,58
de hunebedden in drenthe,0,1,0%,59
romantische hotels in drenthe,0,1,0%,59
de drentse liefde,0,1,0%,60
luxe hotels in drenthe,0,1,0%,60
privat spa holland,0,1,0%,60
wellness holland privat,0,1,0%,60
wandelen drentse aa,0,1,0%,63
hoyde lodge,0,1,0%,65
wellness hotel & golf resort zuiddrenthe in erica drenthe,0,1,0%,65
wellness suite niederlande,0,1,0%,65
hotels in veenhuizen,0,1,0%,66
minister cremerstraat 8 zeijen,0,1,0%,66
veenhuizen hotel,0,1,0%,67
bijzondere overnachting drenthe,0,1,0%,70
wellness suite holland,0,1,0%,70
buitengoed drentse vennen,0,1,0%,72
drenthe huisje met jacuzzi,0,1,0%,72
natuurhuisje drenthe jacuzzi,0,1,0%,73
vakantie drenthe met hond,0,1,0%,79
sauna huizen,0,1,0%,81
sauna in drenthe,0,1,0%,85