Toppagina's,Aantal klikken,Vertoningen,CTR,Positie
https://www.huisterhuynen.nl/,41,457,8.97%,8.49
https://www.huisterhuynen.nl/hunebedden-drenthe,8,568,1.41%,13.02
https://www.huisterhuynen.nl/vakantiehuis-assen,6,333,1.8%,23.41
https://www.huisterhuynen.nl/heide-drenthe,6,261,2.3%,9.7
https://www.huisterhuynen.nl/de,5,192,2.6%,32.59
https://www.huisterhuynen.nl/blog/wilde-dieren-spotten-in-het-drents-friese-wold,3,27,11.11%,8.37
https://www.huisterhuynen.nl/vakantiehuis-met-hottub-drenthe,2,914,0.22%,49.1
https://www.huisterhuynen.nl/luxe-lodge-drenthe,2,593,0.34%,49.17
https://www.huisterhuynen.nl/omgeving,2,187,1.07%,30.06
https://www.huisterhuynen.nl/vakantiehuis-norg,2,86,2.33%,18.48
https://www.huisterhuynen.nl/blog/mooie-fietsroutes-rondom-zeijen-ontdek-het-mooiste-van-drenthe-op-de-fiets,2,25,8%,7.8
https://www.huisterhuynen.nl/blog/e-bike-huren-in-drenthe,1,51,1.96%,12.67
https://www.huisterhuynen.nl/impressum,1,28,3.57%,12.64
https://www.huisterhuynen.nl/blog/fietsen-in-drenthe-is-misschien-wel-de-mooiste-manier-om-de-provincie-echt-te-beleven-uitgestrekte-heidevelden-eeuwenoude-bossen-kronkelende-beekdalen-karakteristieke-brinkdorpen-en-kilometers-autoluwe-fietspaden-maken-drenthe-tot-een-waar-paradijs-voor-fietsers,1,28,3.57%,30.07
https://www.huisterhuynen.nl/blog/drentsche-aa-beekdallandschap,1,19,5.26%,12.58
https://www.huisterhuynen.nl/de/wellness-urlaub-drenthe,1,14,7.14%,12
https://www.huisterhuynen.nl/welkom,1,13,7.69%,4.62
https://www.huisterhuynen.nl/wellness-vakantie-drenthe,0,1526,0%,62.6
https://www.huisterhuynen.nl/romantisch-weekend-weg-drenthe,0,1305,0%,50.11
https://www.huisterhuynen.nl/overnachten-veenhuizen,0,185,0%,33.29
https://www.huisterhuynen.nl/vakantiehuis-drenthe-met-hond,0,112,0%,52.92
https://www.huisterhuynen.nl/blog/kanovaren-drentsche-aa,0,93,0%,9.77
https://www.huisterhuynen.nl/blog/vakantiehuis-met-prive-hottub-in-drenthe-pure-luxe-rust-en-beleving,0,53,0%,60.92
https://www.huisterhuynen.nl/blog/een-dag-in-norg,0,41,0%,9.37
https://www.huisterhuynen.nl/wandelen-drentsche-aa,0,37,0%,42.16
https://www.huisterhuynen.nl/blog/vakantie-met-hond-in-drenthe,0,27,0%,15.11
https://www.huisterhuynen.nl/datenschutz,0,21,0%,19.19
https://www.huisterhuynen.nl/de/romantisches-wochenende-drenthe,0,19,0%,71.84
https://www.huisterhuynen.nl/blog/fietsvakantie-in-drenthe-ontdek-de-mooiste-fietsroutes-vanuit-zeijen,0,16,0%,11.88
https://www.huisterhuynen.nl/de/ferienhaus-mit-whirlpool-drenthe,0,15,0%,9.53
https://www.huisterhuynen.nl/agb,0,14,0%,5.07
https://www.huisterhuynen.nl/blog/prive-lodge-boeken-nederland-kosten,0,10,0%,6.4
https://www.huisterhuynen.nl/de/luxus-lodge-drenthe,0,9,0%,13.56
https://www.huisterhuynen.nl/blog/wellness-in-drenthe,0,7,0%,63.71
https://www.huisterhuynen.nl/blog/waarom-zeijen,0,2,0%,8.5